frame_number,timestamp_ns
1,636016167802
2,636043567566
3,636074032451
4,636110886217
5,636137206924
6,636169925068
7,636202166561
8,636236856455
9,636268633500
10,636302061621
11,636335261508
12,636368603187
13,636404910565
14,636435938801
15,636468654575
16,636501845463
17,636535115107
18,636568638650
19,636601824705
20,636635259788
21,636668450203
22,636701733118
23,636735097715
24,636768339798
25,636801677489
26,636835081252
27,636868388777
28,636901659248
29,636935001884
30,636968361852
31,637001603712
32,637034921163
33,637068310408
34,637101496122
35,637134967142
36,637168857186
37,637201511269
38,637235110618
39,637268240686
40,637301398754
41,637334882810
42,637368228482
43,637401503638
44,637434796405
45,637468320942
46,637501493156
47,637534754091
48,637567934509
49,637601432787
50,637634755053
51,637667886777
52,637701337717
53,637734663587
54,637767991975
55,637801264291
56,637834577217
57,637867807516
58,637901104757
59,637936113776
60,637967719220
61,638001154049
62,638035528811
63,638067713569
64,638101061124
65,638134458695
66,638167773843
67,638200918403
68,638234590688
69,638269456249
70,638303341212
71,638334508410
72,638367542419
73,638400996989
74,638434339043
75,638467753558
76,638500972265
77,638534206397
78,638567529304
79,638600855044
80,638634309669
81,638667424424
82,638701917305
83,638735182151
84,638767519342
85,638800897444
86,638841596535
87,638874960248
88,638908483735
89,638940336682
90,638973844705
91,639006982297
92,639042593901
93,639076066852
94,639108509688
95,639140226584
96,639173408747
97,639207842686
98,639240303484
99,639274800532
100,639306816455
101,639342511242
102,639376414235
103,639406960798
104,639438906612
105,639472201680
106,639505481396
107,639541198516
108,639574604154
109,639607884333
110,639639957292
111,639673582804
112,639706766423
113,639741413478
114,639775217319
115,639807878548
116,639838752426
117,639871943786
118,639905222718
119,639939699297
120,639973186092
121,640006419655
122,640039810823
123,640073082181
124,640106415037
125,640141057018
126,640174322043
127,640207590067
128,640239714831
