timestamp_ns,ax,ay,az,gx,gy,gz,temperature
634407910814,6236,524,15640,-127,617,-72,4055
634482940454,6216,432,15520,-297,314,21,4053
634502203342,6160,104,15188,-521,-29,114,4057
634515660667,6012,56,15236,-469,-49,65,4054
634523143156,6024,112,15012,-387,65,22,4051
634532925400,6216,184,15156,-316,184,5,4050
634545654601,6228,280,15304,-297,234,-52,4049
634557947113,6248,332,15168,-352,161,-49,4051
634562853615,6192,148,15248,-466,26,11,4050
634572951867,6144,72,15116,-503,-9,30,4052
634587976620,6192,168,15232,-348,60,24,4054
634593444881,6236,216,15152,-308,223,-97,4054
634603068131,6212,372,15260,-334,186,-203,4060
634613789362,6124,216,15388,-394,117,-79,4054
634625255624,6160,100,15300,-482,-46,111,4059
634633440515,6160,152,15220,-520,-181,189,4052
634647903567,6128,204,14948,-549,-108,198,4054
634652815551,6212,124,15064,-369,15,362,4053
634663024544,6212,320,15228,-304,268,-29,4059
634673876757,6396,396,15256,-245,349,-7,4051
634689121064,6172,236,15644,-354,249,103,4055
634693429272,6152,200,15208,-565,18,158,4055
634703848407,6032,28,15232,-616,-162,306,4056
634712742962,6016,0,14944,-558,-38,338,4053
634733276704,6164,384,15240,-249,350,-116,4055
634750911728,6328,320,15756,-287,314,60,4052
634762701742,6356,336,15312,-572,-233,247,4053
634772905199,6024,128,14900,-636,-214,283,4053
634783208466,6076,116,14868,-471,-78,145,4055
634793317667,5964,64,15140,-289,168,-25,4049
634802852312,6188,224,15184,-340,366,3,4054
634812767334,6020,164,15528,-370,327,302,4056
634880994838,6204,196,15432,-434,171,185,4049
634892598952,6124,24,15160,-407,32,65,4048
634902595897,6112,232,15072,-381,37,10,4050
634912547621,6108,212,15244,-385,111,59,4051
634922888906,6028,256,15200,-331,196,12,4054
634933586975,6184,220,15244,-343,178,43,4055
634944456261,6192,180,15432,-448,156,144,4057
634952624748,6300,96,15388,-484,61,193,4056
634962689172,6260,204,15184,-440,-55,160,4055
634972640044,6168,136,15016,-439,-27,31,4053
635001247666,6128,236,15220,-444,215,110,4048
635012541660,6152,156,15336,-373,167,-6,4057
635022538586,6144,184,15240,-422,135,46,4060
635032582992,6192,176,15200,-424,117,120,4062
635042483255,6192,192,15240,-396,70,75,4060
635052473255,6188,96,15148,-389,76,48,4059
635062459126,6152,168,15168,-438,123,97,4054
635072502236,6144,32,15152,-481,143,136,4052
635082464793,6180,200,15168,-454,162,160,4058
635092513810,6140,168,15268,-362,185,69,4058
635102454294,6136,284,15196,-302,208,-43,4050
635112422962,6140,284,15436,-301,184,-51,4058
635122489126,6100,184,15208,-434,162,91,4059
635132460128,6208,60,15328,-490,58,155,4057
635142461368,6172,144,15192,-480,-10,143,4054
635152414259,6188,60,15140,-434,6,99,4055
635162583383,6128,152,15100,-350,87,0,4058
635172405778,6204,268,15272,-302,179,-53,4057
635182405704,6180,264,15212,-310,234,-20,4061
635192479109,6164,212,15384,-381,207,70,4058
635202344818,6152,188,15396,-417,121,46,4052
635212361762,6092,180,15284,-413,27,-45,4058
635222289098,6164,244,14928,-361,25,-33,4052
635232326430,5996,76,15268,-356,128,-53,4050
635242283802,6332,308,15200,-275,127,-8,4051
635252260896,6072,184,15268,-412,301,-54,4052
635262284988,6348,176,15396,-407,114,85,4061
635272275062,6160,240,15132,-434,61,40,4061
635282233638,5916,88,15124,-448,-42,43,4059
635292253230,6100,304,15072,-371,-42,-61,4058
635302256674,6124,200,15072,-411,126,28,4060
635312212213,6224,176,15348,-437,242,103,4052
635322203566,6272,280,15156,-350,189,80,4052
635332350339,6068,-44,15392,-473,100,71,4061
635342214991,6356,352,15176,-320,-69,52,4057
635352223232,5980,12,14944,-465,97,-7,4048
635362207566,6324,232,15300,-339,20,44,4058
635372249120,6052,336,15100,-384,235,50,4056
635382244843,6148,44,15636,-428,232,178,4058
635392223937,6224,196,15340,-387,134,92,4051
635402203734,5988,80,15292,-472,68,102,4055
635412225863,6264,204,15200,-418,-1,80,4057
635422194364,5992,172,15124,-415,71,104,4053
635432272547,6168,144,15108,-407,119,95,4058
635442146477,6152,192,15432,-388,132,99,4058
635452165347,6188,176,15256,-417,131,113,4057
635462162273,6212,168,15376,-419,114,156,4061
635472157829,6188,188,15176,-411,77,82,4058
635482180699,6156,232,15100,-419,108,63,4059
635492115053,6116,116,15252,-408,124,71,4058
635502121757,6200,148,15200,-413,142,81,4054
635512146497,6156,148,15316,-431,167,92,4052
635522104776,6124,116,15256,-411,130,80,4050
635532281067,6200,232,15304,-362,63,50,4049
635542051093,6164,176,15120,-420,77,75,4058
635552094925,6232,168,15204,-415,58,82,4057
635562052353,6120,172,15300,-415,95,49,4057
635572088018,6184,164,15148,-431,138,90,4060
635582104296,6248,136,15344,-414,173,101,4055
635592054724,6132,136,15272,-402,170,80,4055
635602051854,6172,172,15196,-384,140,37,4058
635611988023,6164,208,15176,-386,89,83,4056
635621976375,6196,176,15384,-411,80,131,4053
635632165406,6256,168,15160,-426,69,47,4057
635641973579,6108,176,15172,-423,10,42,4048
635651957675,6040,244,14956,-436,21,41,4052
635661964253,6216,172,15204,-427,99,134,4054
635672025384,6260,236,15276,-410,242,146,4056
635681938817,6240,196,15548,-345,212,69,4053
635691936098,6104,136,15124,-344,122,5,4057
635701966953,5772,-224,15160,-398,-2,-78,4053
635711915051,6108,36,15080,-447,6,-30,4060
635721895333,6256,160,15276,-440,188,136,4056
635732237474,6268,268,15336,-349,311,89,4053
635741900581,6208,236,15316,-247,258,29,4059
635751882975,6216,168,15164,-318,130,-30,4062
635761887293,6224,252,15460,-445,33,-5,4061
635771929221,6068,108,14936,-492,21,65,4060
635781866709,6172,96,15528,-419,20,98,4064
635791873564,6184,232,15148,-350,115,96,4057
635801871438,5976,108,15272,-392,163,33,4057
635811842258,6276,344,15264,-360,25,49,4051
635821831651,5956,60,15072,-513,54,82,4055
635831849025,6200,120,15280,-465,2,176,4059
635841826955,6132,96,15052,-451,127,175,4062
635851809811,6188,76,15292,-376,192,147,4057
635861814852,6184,224,15352,-300,213,47,4058
635871837836,6180,176,15316,-349,231,58,4054
635881786620,6192,224,15364,-388,187,93,4055
635891790123,6356,548,15132,-422,94,71,4059
635901805182,6068,84,15228,-385,49,75,4059
635911760187,6148,184,15172,-402,72,66,4057
635921739673,6148,176,15284,-406,111,108,4059
635931768102,6176,200,15032,-414,138,82,4050
635941784735,6200,228,15244,-397,117,91,4057
635951739296,6212,172,15356,-391,110,82,4057
635961743429,6104,184,15140,-409,118,87,4057
635971776691,6224,76,15500,-402,111,94,4056
635981703271,6048,244,15044,-392,166,68,4055
635991736477,6196,224,15316,-378,113,55,4051
636001800609,6144,256,15304,-342,98,41,4051
636012318558,6132,124,15052,-461,175,82,4061
636021729563,6204,216,15492,-411,101,104,4059
636031838693,6884,1272,15296,-453,149,106,4059
636041836141,5996,164,14956,-408,129,98,4054
636052166634,6152,52,15104,-313,62,-29,4052
636061848741,5888,-268,15536,-337,188,-28,4060
636071745156,6168,232,15080,-375,209,-22,4059
636081874414,6164,-136,15312,-359,91,11,4058
636091773255,6212,100,15092,-358,59,24,4056
636102181615,6128,168,15092,-459,134,73,4054
636111843464,6192,72,15560,-365,81,54,4056
636121689935,6096,204,15196,-374,119,69,4056
636131697106,6116,132,15268,-414,50,27,4054
636141638537,6180,252,15172,-365,-32,43,4064
636151581173,6128,88,15116,-478,97,97,4060
636161573362,6204,208,15196,-342,117,95,4058
636171664622,6124,296,15324,-337,214,75,4059
636181573980,6132,252,15248,-371,177,64,4057
636191556114,6180,112,15452,-384,1,58,4062
636201583617,6076,72,15028,-541,23,77,4058
636211535697,6160,88,15292,-449,20,101,4058
636221522812,5984,32,15156,-403,148,87,4055
636231603313,6236,316,15284,-317,177,35,4061
636241610557,6276,276,15376,-329,210,43,4056
636251510287,6200,272,15248,-412,183,82,4058
636261501939,6196,228,15444,-411,78,59,4058
636271546052,6144,60,15164,-438,24,58,4059
636281474299,6000,136,14956,-409,38,38,4060
636291478914,6128,168,15316,-389,107,62,4055
636301500028,6200,216,15176,-362,214,50,4059
636311459422,6180,228,15452,-317,189,70,4060
636321438223,6172,140,15156,-340,120,16,4061
636331466152,6160,136,15272,-438,30,62,4059
636341488692,6128,212,15340,-516,-25,130,4052
636351430697,6112,200,15240,-504,50,126,4053
636361417757,6192,204,15280,-385,73,107,4053
636371463408,6100,196,15124,-382,106,94,4056
636381432986,6128,192,15164,-387,60,68,4059
636391415343,6100,180,15240,-480,105,113,4062
636401464511,6224,184,15312,-473,117,191,4058
636411420628,6188,112,15240,-414,120,256,4057
636421372522,6092,152,15252,-377,115,68,4054
636432447953,6156,196,15288,-402,120,65,4054
636441404843,6092,128,15168,-455,155,99,4055
636451378366,6216,128,15364,-438,160,121,4059
636461374426,6112,104,15292,-451,169,111,4060
636471374393,6108,160,15268,-413,134,82,4057
636481319083,6196,176,15184,-393,102,51,4056
636491324198,6124,160,15160,-423,100,63,4053
636501334442,6192,188,15304,-399,91,76,4057
636511297892,6172,208,15288,-394,133,79,4054
636521281137,6156,180,15192,-400,146,96,4058
636531300547,6228,280,15280,-404,133,100,4057
636541337809,6228,224,15284,-423,126,68,4058
636551305555,6200,180,15292,-406,61,100,4061
636561271763,6056,168,15280,-380,115,72,4059
636571299896,6136,152,15168,-369,147,59,4053
636581244679,6152,132,15312,-327,143,43,4053
636591252201,6124,136,15240,-379,155,51,4057
636601245668,6148,152,15256,-383,105,52,4056
636611260764,6100,236,15312,-364,95,38,4058
636621289730,6156,244,15172,-403,109,64,4056
636631230236,6152,180,15320,-417,97,80,4057
636641242350,6256,200,15244,-441,116,97,4060
636651184488,6160,140,15224,-443,145,91,4055
636661191032,6104,144,15236,-408,103,68,4054
636671228649,6096,208,15172,-391,107,57,4058
636681158233,6120,196,15328,-398,146,53,4057
636691177666,6136,196,15324,-399,127,72,4060
636701174840,6200,180,15312,-395,124,78,4062
636711141404,6156,148,15220,-400,119,87,4059
636721122838,6200,124,15160,-398,114,69,4057
636731139233,6156,52,15284,-439,125,79,4057
636741182276,6160,92,15308,-430,119,68,4050
636751105749,6152,-20,15352,-378,107,52,4057
636761119922,6196,244,15236,-350,151,42,4060
636771168669,6200,156,15304,-365,159,53,4054
636781079383,6156,200,15192,-374,74,49,4057
636791094353,6140,152,15092,-440,85,84,4057
636801092268,6180,128,15204,-441,86,92,4056
636811061831,6208,192,15248,-403,127,74,4058
636821045821,6112,136,15248,-376,169,85,4051
636831067013,6092,180,15160,-350,148,46,4056
636841083630,6180,220,15292,-388,126,79,4060
636851029195,6108,144,15308,-466,138,130,4058
636861041035,6168,184,15436,-442,78,105,4059
636871069375,6244,216,15264,-419,72,69,4060
636881002570,6056,92,15092,-410,94,56,4059
636891007503,6204,204,15264,-402,88,78,4060
636901041565,6144,140,15392,-443,145,93,4063
636910980815,6188,208,15256,-397,133,72,4054
636920969897,6124,200,15280,-359,135,54,4059
636930982903,6164,140,15160,-411,187,88,4061
636941006373,6180,116,15356,-394,154,80,4058
636950957530,6232,112,15272,-381,156,86,4056
636960970481,6152,216,15304,-364,154,51,4057
636971009950,6084,268,15348,-331,116,26,4061
636980941256,6208,184,15212,-382,112,58,4058
636990925394,6248,184,15260,-438,112,99,4056
637000997399,6164,132,15292,-453,92,101,4062
637010906576,6180,124,15300,-426,57,64,4060
637020891861,6160,228,15232,-383,49,32,4063
637030913146,6168,260,15128,-385,89,44,4058
637040929190,6236,220,15220,-401,139,88,4057
637050875421,6148,76,15324,-441,175,107,4063
637060880891,6176,160,15288,-425,132,92,4062
637070926063,6112,112,15300,-382,61,54,4058
637080856036,6016,96,15060,-384,48,29,4058
637090860784,6128,180,15196,-427,74,79,4058
637100880161,6228,108,15364,-442,130,112,4057
637110876909,6180,164,15240,-373,104,80,4055
637120859232,6084,132,15412,-347,121,67,4062
637130839703,6216,156,15028,-392,81,20,4057
637140863969,6140,160,15384,-429,63,93,4055
637150821348,6180,144,15148,-450,154,113,4061
637160822114,6224,272,15320,-346,130,74,4058
637170811400,6220,244,15216,-306,110,12,4054
637180778982,6168,212,15196,-394,89,68,4059
637190766712,6152,144,15164,-430,47,65,4065
637200894604,6148,136,15268,-431,95,80,4069
637210756968,6120,196,15272,-393,192,80,4063
637220751531,6208,176,15288,-299,191,29,4060
637230749335,6092,160,15252,-303,179,37,4057
637240777508,6144,228,15280,-394,179,76,4063
637250716554,6144,176,15284,-460,113,97,4067
637260727524,6168,172,15304,-449,63,85,4062
637270756327,6180,108,15168,-405,91,55,4059
637280696058,6144,216,15112,-345,114,37,4061
637290688084,6224,316,15272,-339,147,50,4061
637300783811,6152,236,15376,-387,192,83,4059
637310673748,6156,240,15300,-386,72,82,4059
637320658292,6156,228,15188,-383,-3,54,4058
637330669040,6168,104,15184,-458,-17,74,4055
637340696695,6136,144,15204,-451,20,69,4055
637350641500,6236,184,15196,-417,74,77,4055
637360637563,6140,196,15352,-401,137,84,4060
637370660773,6184,196,15140,-331,95,30,4063
637380645948,6212,236,15244,-388,83,64,4066
637390618734,6112,248,15376,-435,60,71,4062
637400883622,6196,240,15068,-433,34,77,4061
637410607971,6148,152,15312,-427,92,92,4060
637420581757,6256,120,15280,-407,110,85,4062
637430589561,6100,184,15132,-405,122,72,4063
637440626178,6056,140,15352,-430,85,68,4060
637450563483,6184,284,15104,-443,80,88,4062
637460603138,6192,104,15224,-422,110,81,4066
637470712271,6204,192,15096,-381,137,53,4061
637480536654,6168,420,15224,-350,159,33,4066
637490527107,6240,244,15308,-362,154,53,4063
637500572131,6104,160,15244,-415,184,79,4059
637510524695,6244,104,15344,-431,88,100,4061
637520505796,6228,64,15272,-431,70,93,4058
637530508174,6128,144,15088,-430,63,75,4058
637540543883,6172,176,15024,-358,58,44,4059
637550484170,6136,140,15080,-384,176,66,4058
637560486937,6148,240,15360,-345,242,87,4068
637570522295,6216,196,15300,-321,257,48,4062
637580467304,6124,244,15344,-321,223,49,4060
637590460349,6084,68,15296,-397,156,61,4060
637600498096,6136,108,15356,-483,45,85,4062
637610455938,6120,120,15264,-456,39,69,4059
637620424335,6076,48,15060,-364,109,54,4059
637630444934,6188,232,15196,-292,204,15,4064
637640456867,6148,108,15304,-391,238,75,4063
637650411656,6212,256,15316,-484,150,112,4066
637660405815,6236,168,15344,-475,37,76,4063
637670437880,6180,184,15264,-439,12,49,4061
637680410781,6048,144,15032,-392,88,12,4060
637690414681,6048,192,15184,-397,116,18,4060
637700416914,6208,104,15148,-446,143,93,4060
637710365130,6224,120,15340,-428,147,102,4061
637720345308,6204,220,15200,-382,139,64,4068
637730349800,6072,204,15208,-372,134,40,4067
637740378532,6116,144,15316,-386,131,71,4059
637750326267,6220,248,15160,-427,148,68,4057
637760325871,6144,220,15348,-426,109,88,4061
637770366769,6148,188,15064,-415,64,42,4057
637780307226,6192,192,15160,-423,15,35,4064
637790304922,6112,136,15316,-478,88,84,4059
637800335562,6076,40,15224,-465,133,115,4067
637810293963,6168,260,15260,-310,141,26,4063
637820278456,6044,144,15220,-275,188,-32,4059
637830285522,6088,312,15284,-335,150,-61,4058
637840298718,6172,204,15172,-429,167,52,4061
637850254693,6144,188,15328,-419,91,56,4066
637860251482,6060,124,15172,-413,119,43,4058
637870276825,6196,80,15212,-409,110,61,4062
637880228449,6208,140,15344,-406,129,94,4062
637890212312,6188,236,15328,-403,148,53,4059
637900500739,6180,144,15288,-323,103,55,4064
637910218574,6060,172,15212,-344,98,42,4060
637920186530,6048,88,15092,-322,64,20,4059
637930186504,6056,136,15188,-406,137,54,4061
637940237106,6100,252,15364,-454,196,129,4062
637950177026,6176,324,15260,-387,199,98,4061
637960186685,6196,252,15324,-296,104,21,4060
637970198307,6208,160,15156,-329,9,18,4060
637980152856,6124,192,15224,-449,-56,41,4058
637990141997,6128,72,15112,-494,-36,84,4054
638000208339,6124,156,15184,-443,33,88,4059
638010153444,6160,160,15360,-374,115,103,4056
638020122011,6360,232,15416,-353,117,50,4058
638030117226,6136,104,15132,-427,82,127,4062
638040150921,6120,96,15280,-435,14,-1,4066
638050108433,6108,100,15204,-440,59,25,4062
638060062390,6112,44,15208,-464,245,105,4058
638070120140,6280,172,15160,-323,284,85,4055
638080050468,6084,280,15540,-291,266,72,4059
638090060293,6172,308,15168,-349,190,29,4062
638100117580,6140,156,15260,-396,23,63,4056
638110064037,6104,172,15216,-475,10,70,4059
638120035345,6180,216,15212,-432,125,49,4059
638130040282,6200,176,15256,-268,186,4,4056
638140105142,6188,304,15132,-285,205,49,4058
638150015526,6252,220,15308,-355,104,63,4059
638160020278,6196,164,15316,-461,46,99,4061
638170156655,6048,112,15332,-517,12,207,4064
638179998541,6104,92,15132,-467,-42,72,4058
638189981552,6184,264,15092,-391,-4,25,4057
638200309182,6052,196,15112,-406,107,78,4056
638209981315,6164,184,15432,-437,120,108,4058
638220049712,6120,228,15052,-438,105,69,4059
638230177423,6148,48,15296,-457,98,74,4065
638239993866,6232,156,15068,-423,99,94,4056
638249938008,6120,88,15220,-498,214,117,4061
638259980221,6216,104,15400,-358,103,97,4058
638270108265,6132,156,15248,-363,229,69,4054
638279963929,6232,236,15364,-391,141,66,4061
638289963643,6216,284,15148,-377,53,53,4061
638300214553,6120,68,15272,-448,48,77,4059
638310033014,6076,184,15280,-426,78,84,4055
638319938695,6160,196,15276,-383,119,77,4063
638330037777,6248,252,15204,-401,188,81,4061
638339921440,6280,244,15336,-400,165,89,4055
638349859693,6148,148,15332,-399,98,81,4054
638359849871,6080,196,15160,-407,20,46,4058
638369923268,6120,220,15188,-394,16,36,4063
638379836319,6096,84,15140,-397,121,63,4060
638389821164,6156,252,15236,-380,173,85,4062
638399911709,6220,176,15228,-372,187,76,4059
638409818278,6196,204,15380,-393,136,59,4057
638419796049,6184,184,15236,-420,78,59,4057
638429891686,6196,104,15180,-475,40,97,4056
638439825051,6048,212,15116,-447,98,63,4058
638449778545,6208,132,15188,-402,98,91,4060
638459774241,6116,212,15356,-400,188,83,4061
638469792789,6212,240,15440,-375,161,78,4059
638479757449,6020,156,15204,-357,85,50,4056
638489741238,6128,208,15204,-346,31,0,4053
638499832153,6168,216,15060,-397,38,27,4060
638509737630,6096,156,15196,-444,137,95,4061
638519714216,6296,84,15316,-392,224,100,4058
638529766614,6156,60,15204,-373,230,78,4059
638539744866,6160,152,15168,-391,202,54,4054
638549701082,6204,224,15264,-386,114,102,4062
638559705982,6100,136,15204,-435,139,88,4061
638569890505,6196,204,15184,-325,141,29,4059
638579680597,6096,204,15232,-311,212,-9,4060
638589678274,6188,168,15228,-379,195,80,4061
638599763746,6280,196,15172,-446,119,84,4063
638609663315,6192,100,15388,-462,14,97,4058
638619640456,6112,144,15140,-436,12,38,4058
638629845646,6212,80,15236,-389,31,48,4058
638639672033,6112,172,15224,-411,139,71,4062
638649623399,6196,332,15220,-431,158,127,4059
638659615876,6192,292,15248,-410,132,108,4061
638669645760,6132,180,15268,-423,107,81,4053
638679597165,6100,108,15220,-411,78,68,4055
638689582365,6076,148,15048,-415,86,64,4055
638699841556,6112,140,15204,-393,132,66,4061
638709605375,6104,92,15312,-356,171,61,4061
638719574742,6136,120,15336,-381,145,56,4060
638729569849,6164,184,15256,-415,94,62,4060
638739595992,6140,268,15124,-432,31,66,4056
638749632357,6092,168,15224,-437,64,72,4061
638759578540,6208,188,15384,-420,123,93,4057
638769554222,6152,176,15252,-383,203,84,4062
638779523681,6288,236,15324,-375,103,62,4056
638789519418,6076,100,15228,-410,57,61,4054
638799610041,6056,48,15172,-482,47,92,4052
638809511577,6232,172,15248,-409,64,83,4055
638819537868,6096,40,15156,-376,209,94,4054
638829565474,6156,284,15288,-285,253,39,4062
638839597895,6076,236,15320,-283,246,27,4057
638849538485,6156,136,15376,-385,204,85,4061
638859518926,6172,140,15364,-384,102,61,4057
638869513589,6100,152,15224,-413,46,40,4057
638879517159,6020,140,15144,-461,13,49,4058
638889472397,6196,188,15256,-465,23,69,4060
638899507854,6184,164,15344,-442,115,110,4058
638909491128,6148,260,15280,-373,166,85,4060
638919462699,6212,200,15320,-338,121,89,4061
638929452399,6132,136,15164,-439,138,95,4053
638939486857,6108,276,15236,-438,13,67,4058
638949454502,6092,188,15168,-428,46,47,4062
638959447905,6064,140,15240,-412,175,83,4056
638969430291,6148,252,15448,-352,225,72,4061
638979505969,6256,164,15360,-375,180,84,4063
638989702274,6068,180,15156,-431,34,58,4059
638999558496,6188,116,15300,-461,30,70,4057
639009415386,6120,144,15204,-467,76,98,4056
639019411567,6096,80,15176,-343,137,61,4058
639029397267,6208,256,15328,-300,169,59,4059
639039603145,6196,204,15388,-362,207,62,4053
639049387518,6196,304,15508,-455,89,128,4061
639059375162,6236,120,15296,-481,-50,88,4056
639069348307,6052,196,14996,-460,-110,40,4060
639079634720,6076,72,14960,-509,-15,84,4058
639089347595,6240,88,15308,-442,168,135,4060
639099323147,6204,216,15124,-387,328,120,4066
639109365549,6232,148,15684,-282,194,53,4061
639119309103,6180,188,15244,-294,49,25,4057
639129294154,6024,84,14984,-463,54,42,4056
639139331149,6260,176,15272,-440,-88,81,4054
639149292646,6156,212,15068,-447,99,108,4056
639159281198,6088,112,15184,-375,289,81,4055
639169318489,6200,252,15496,-234,164,28,4059
639179281430,6028,132,15200,-398,179,53,4056
639189293741,6212,184,15380,-469,34,92,4060
639199240331,6128,152,15220,-394,-5,74,4062
639209246863,6076,8,15064,-407,100,51,4058
639219233582,6192,76,15432,-347,101,43,4055
639229231115,6136,100,15172,-420,193,71,4056
639239236629,6112,172,15388,-429,149,70,4058
639249204293,6176,252,15376,-400,61,78,4063
639259262157,6000,168,15116,-466,88,87,4059
639269443962,6144,156,15180,-444,37,70,4061
639279201410,6180,196,15168,-454,66,98,4064
639289164092,6212,124,15428,-447,134,107,4059
639299410376,6116,228,15048,-388,136,67,4057
639309160140,6200,76,15376,-411,65,74,4060
639319161080,6176,244,15204,-370,60,51,4061
639329201500,6164,112,15120,-474,102,114,4060
639339300326,6156,208,15284,-388,75,89,4058
639349745826,6108,196,15024,-395,160,89,4061
639359166526,6176,80,15472,-375,138,58,4062
639369126819,6268,220,15168,-363,104,54,4061
639379113742,6060,120,15216,-459,134,89,4057
639389117311,6200,176,15304,-403,46,80,4059
639399113474,6144,48,15316,-406,98,76,4062
639409087230,6196,232,14968,-372,122,43,4058
639419067115,6272,148,15488,-333,84,51,4063
639429076759,6272,256,15204,-388,119,96,4065
639439212547,6164,128,15192,-477,93,109,4062
639449048103,6124,156,15248,-388,21,74,4059
639459052155,6040,144,15036,-457,171,97,4059
639469339549,6148,84,15192,-361,104,60,4061
639479026073,6260,304,15392,-357,142,67,4064
639489011477,5968,68,15100,-493,230,144,4058
639499021176,6288,192,15448,-390,28,81,4057
639509014024,6144,208,15172,-406,54,40,4060
639518978947,6116,152,15188,-485,100,89,4055
639529000720,6312,252,15384,-350,-7,74,4055
639539035511,6192,160,14964,-465,78,72,4064
639548981101,6092,68,15244,-418,9,130,4060
639558998393,6216,256,15168,-353,-11,17,4061
639568978111,6148,168,15260,-432,181,116,4060
639578985940,6212,140,15372,-371,161,237,4060
639588927049,6148,280,15392,-342,29,91,4061
639598968488,6004,152,14904,-462,1,96,4062
639608947799,6324,280,15328,-458,-43,190,4060
639618913722,6080,120,14872,-458,165,273,4058
639628911663,6352,44,15376,-371,291,228,4061
639638925528,6392,252,15524,-257,297,11,4060
639648904897,6104,288,15144,-311,253,-92,4053
639658894434,6044,4,15460,-387,10,4,4060
639668883248,6256,388,14892,-435,-153,-8,4059
639678910376,5836,64,15184,-573,123,4,4058
639688847229,6380,84,15260,-331,58,290,4062
639698861969,6128,240,15364,-344,268,-76,4061
639708866116,6144,60,15264,-366,245,-49,4057
639718849450,6332,220,15420,-310,-17,98,4061
639728889466,6008,92,15032,-515,59,76,4061
639738895021,6264,100,15196,-496,16,209,4059
639748840263,6252,192,15272,-362,84,110,4065
639758996016,6092,84,15072,-422,245,13,4059
639769054199,6212,184,15396,-338,120,77,4059
639778826872,6124,220,15348,-402,79,13,4060
639788780669,6096,124,15116,-484,66,120,4056
639798789705,6228,176,15220,-425,-5,118,4060
639808808593,6020,60,15040,-466,155,82,4055
639818789537,6260,116,15240,-398,210,122,4053
639828745464,6212,220,15460,-315,193,29,4059
639838835738,6180,300,15208,-346,210,27,4057
639848739833,6092,176,15320,-377,148,32,4062
639858727055,6376,380,15320,-370,-7,42,4056
639868966213,5876,12,15084,-511,157,90,4059
639878718943,6300,48,15408,-432,-24,175,4060
639888701980,6248,284,15136,-399,67,30,4061
639898684498,6044,56,15184,-451,163,78,4062
639908730070,6188,164,15140,-278,65,79,4061
639918654738,6052,228,15140,-367,169,-114,4062
639928682607,6248,124,15164,-393,163,53,4062
639938695847,6160,244,15532,-356,78,121,4061
639948718753,6224,144,14992,-487,169,108,4062
639958664217,6144,88,15320,-358,18,102,4063
639968674660,6132,216,15084,-352,17,-78,4061
639978661142,6140,176,15000,-455,141,87,4062
639988683714,6384,228,15508,-390,98,155,4056
639998628326,6172,-24,15196,-439,176,119,4058
640008616567,6136,128,15340,-359,128,32,4062
640018589586,6292,228,15168,-376,18,13,4064
640028625843,6144,140,15232,-428,126,73,4056
640038754672,6188,220,15208,-461,108,128,4055
640048583343,6176,116,15124,-379,74,133,4059
640058578602,6044,64,15104,-409,138,36,4062
640068567861,6140,92,15424,-424,131,114,4056
640078576174,6220,188,15196,-353,75,71,4052
640088517453,6176,104,15100,-448,142,93,4057
640098566025,6244,220,15344,-339,11,53,4062
640108530711,6092,248,15100,-389,64,-40,4059
640118519396,6100,84,15084,-436,74,121,4054
640128538487,6260,180,15160,-418,103,57,4059
640138579744,6112,100,15344,-396,189,146,4062
640148531967,6036,140,15176,-414,290,257,4055
640158507690,6304,220,15552,-324,105,134,4056
640168516837,6228,320,15040,-417,89,-3,4061
640178544021,6044,-84,15340,-488,46,98,4055
640188452486,6204,72,15048,-443,24,132,4052
640198490354,5992,108,15088,-460,129,39,4055
640208487743,6236,180,15128,-398,283,-38,4057
640218463002,6368,60,15208,-328,315,87,4056
640228456946,6252,168,15536,-416,327,70,4057
640238685660,6192,260,15236,-405,208,99,4060
